{
    "nb_runs": 20,
    "list_ppl": [
        6.09562873840332,
        6.09562873840332,
        6.09562873840332,
        6.09562873840332,
        6.09562873840332,
        6.09562873840332,
        6.09562873840332,
        6.09562873840332,
        6.09562873840332,
        6.09562873840332,
        6.09562873840332,
        6.09562873840332,
        6.09562873840332,
        6.09562873840332,
        6.09562873840332,
        6.09562873840332,
        6.09562873840332,
        6.09562873840332,
        6.09562873840332,
        6.09562873840332
    ],
    "avg_ppl": 6.09562873840332,
    "cuda_timing_ms": {
        "list_total_time": [
            44284.417724609375,
            42783.41455078125,
            42505.84875488281,
            42889.60290527344,
            42984.63171386719,
            42576.41125488281,
            42604.84606933594,
            42649.694091796875,
            43035.998046875,
            42537.436767578125,
            42774.72961425781,
            43072.90478515625,
            42328.93273925781,
            42654.442626953125,
            42784.51208496094,
            42960.67736816406,
            42559.42321777344,
            42697.39099121094,
            42938.12561035156,
            42565.169189453125
        ],
        "list_token_time": [
            0.13026054724153266,
            0.12584541648267264,
            0.12502896965268145,
            0.12615776456982256,
            0.12643728737371512,
            0.1252365259520979,
            0.12532016563128276,
            0.12545208399554333,
            0.12658837904413062,
            0.12512188431728316,
            0.12581987014736037,
            0.12669693849172936,
            0.12450857945235379,
            0.12546605159001178,
            0.1258486448282219,
            0.12636682678417988,
            0.12518655643405685,
            0.12559238219835672,
            0.12630049184144262,
            0.12520345794149193
        ],
        "avg_total_time": 42809.43050537109,
        "var_total_time": 152641.6131883549,
        "avg_token_time": 0.12592194119849837,
        "var_token_time": 1.3206777662990943e-06
    },
    "cpu_timing_ms": {
        "avg_total_time": 42810.17449357896,
        "var_total_time": 152642.77845936577,
        "avg_token_time": 0.12592412960507743,
        "var_token_time": 1.3206878483958726e-06
    }
}