{
    "nb_runs": 20,
    "list_ppl": [
        8.088184356689453,
        8.088184356689453,
        8.088184356689453,
        8.088184356689453,
        8.088184356689453,
        8.088184356689453,
        8.088184356689453,
        8.088184356689453,
        8.088184356689453,
        8.088184356689453,
        8.088184356689453,
        8.088184356689453,
        8.088184356689453,
        8.088184356689453,
        8.088184356689453,
        8.088184356689453,
        8.088184356689453,
        8.088184356689453,
        8.088184356689453,
        8.088184356689453
    ],
    "avg_ppl": 8.088184356689453,
    "cuda_timing_ms": {
        "list_total_time": [
            39517.47253417969,
            36793.85974121094,
            37563.52648925781,
            38274.697021484375,
            37211.69201660156,
            38342.205078125,
            37320.72998046875,
            38495.015625,
            37991.39538574219,
            38145.83190917969,
            38247.3173828125,
            37565.23327636719,
            38123.13415527344,
            38127.16003417969,
            37745.29113769531,
            38386.17028808594,
            37704.95959472656,
            38140.08996582031,
            37483.761962890625,
            38112.69104003906
        ],
        "list_token_time": [
            0.11623880051704774,
            0.10822742064315152,
            0.11049135944929468,
            0.11258323436760041,
            0.10945645477398332,
            0.11278180616447725,
            0.10977718485407083,
            0.11323129125388272,
            0.11174991583249655,
            0.11220418365604906,
            0.11250269843871336,
            0.11049637988389256,
            0.11213741927261812,
            0.11214926120746567,
            0.11102601167667343,
            0.11291112777698471,
            0.1109073783259794,
            0.11218729399773011,
            0.11025673581893186,
            0.11210670133671129
        ],
        "avg_total_time": 37964.61173095703,
        "var_total_time": 317307.0006022663,
        "avg_token_time": 0.1116711329623877,
        "var_token_time": 2.745387001835207e-06
    },
    "cpu_timing_ms": {
        "avg_total_time": 37965.281314821914,
        "var_total_time": 317327.3926399372,
        "avg_token_time": 0.11167310251206557,
        "var_token_time": 2.7455634367548787e-06
    }
}