{
    "nb_runs": 20,
    "list_ppl": [
        7.3650736808776855,
        7.3650736808776855,
        7.3650736808776855,
        7.3650736808776855,
        7.3650736808776855,
        7.3650736808776855,
        7.3650736808776855,
        7.3650736808776855,
        7.3650736808776855,
        7.3650736808776855,
        7.3650736808776855,
        7.3650736808776855,
        7.3650736808776855,
        7.3650736808776855,
        7.3650736808776855,
        7.3650736808776855,
        7.3650736808776855,
        7.3650736808776855,
        7.3650736808776855,
        7.3650736808776855
    ],
    "avg_ppl": 7.3650736808776855,
    "cuda_timing_ms": {
        "list_total_time": [
            41152.94934082031,
            40082.96630859375,
            39938.56335449219,
            39079.619873046875,
            39449.532958984375,
            39736.396240234375,
            39421.97937011719,
            40158.34191894531,
            39702.496337890625,
            39276.98498535156,
            39521.69006347656,
            39484.0732421875,
            39693.047607421875,
            39525.61364746094,
            39628.885498046875,
            39601.06213378906,
            39574.199462890625,
            39414.71154785156,
            39406.38317871094,
            39688.68212890625
        ],
        "list_token_time": [
            0.12104947918868926,
            0.11790217405342195,
            0.11747741950563638,
            0.11495087735624199,
            0.11603895942848849,
            0.11688275437757194,
            0.11595791183322308,
            0.11812388789222901,
            0.11678303939750395,
            0.11553141761975116,
            0.11625120618257177,
            0.11614055805895702,
            0.11675524639796062,
            0.11626274722168245,
            0.11656651654875422,
            0.11648467542177224,
            0.1164056601294552,
            0.11593653387333973,
            0.11591203636433704,
            0.1167424055467169
        ],
        "avg_total_time": 39676.908959960936,
        "var_total_time": 176325.1047092476,
        "avg_token_time": 0.11670777531991523,
        "var_token_time": 1.5255908304802222e-06
    },
    "cpu_timing_ms": {
        "avg_total_time": 39677.61311686481,
        "var_total_time": 176326.44808410417,
        "avg_token_time": 0.11670984656457317,
        "var_token_time": 1.5256024535577544e-06
    }
}