{
    "nb_runs": 20,
    "list_ppl": [
        9.071282386779785,
        9.071282386779785,
        9.071282386779785,
        9.071282386779785,
        9.071282386779785,
        9.071282386779785,
        9.071282386779785,
        9.071282386779785,
        9.071282386779785,
        9.071282386779785,
        9.071282386779785,
        9.071282386779785,
        9.071282386779785,
        9.071282386779785,
        9.071282386779785,
        9.071282386779785,
        9.071282386779785,
        9.071282386779785,
        9.071282386779785,
        9.071282386779785
    ],
    "avg_ppl": 9.071282386779785,
    "cuda_timing_ms": {
        "list_total_time": [
            38153.66064453125,
            36166.05810546875,
            36383.99304199219,
            36410.259521484375,
            36371.22985839844,
            36181.8759765625,
            36402.31640625,
            36021.64904785156,
            36012.596923828125,
            36449.475830078125,
            36331.7734375,
            35958.46423339844,
            36656.282470703125,
            36231.425537109375,
            35917.3408203125,
            36322.78625488281,
            36087.20080566406,
            36340.092041015625,
            36880.01220703125,
            36216.9560546875
        ],
        "list_token_time": [
            0.1122272115155875,
            0.10638077144163201,
            0.10702181688274245,
            0.10709907850587225,
            0.10698427457407296,
            0.10642729897096932,
            0.10707571420324855,
            0.10595599894064019,
            0.10592937254043946,
            0.10721443144671888,
            0.10686821535409215,
            0.10577014375881977,
            0.10782274352498801,
            0.10657304669001016,
            0.10564918115914586,
            0.10684177997600601,
            0.10614881637584732,
            0.10689268413796482,
            0.1084808340991836,
            0.10653048538299928
        ],
        "avg_total_time": 36374.7724609375,
        "var_total_time": 217987.7347282633,
        "avg_token_time": 0.10699469497404904,
        "var_token_time": 1.886062054560927e-06
    },
    "cpu_timing_ms": {
        "avg_total_time": 36375.427504914114,
        "var_total_time": 217989.47264034417,
        "avg_token_time": 0.10699662175532436,
        "var_token_time": 1.8860770912327575e-06
    }
}