{
    "nb_runs": 20,
    "list_ppl": [
        8.377287864685059,
        8.377287864685059,
        8.377287864685059,
        8.377287864685059,
        8.377287864685059,
        8.377287864685059,
        8.377287864685059,
        8.377287864685059,
        8.377287864685059,
        8.377287864685059,
        8.377287864685059,
        8.377287864685059,
        8.377287864685059,
        8.377287864685059,
        8.377287864685059,
        8.377287864685059,
        8.377287864685059,
        8.377287864685059,
        8.377287864685059,
        8.377287864685059
    ],
    "avg_ppl": 8.377287864685059,
    "cuda_timing_ms": {
        "list_total_time": [
            39164.02990722656,
            37309.774169921875,
            36996.313232421875,
            36691.26208496094,
            37304.79736328125,
            37417.97521972656,
            37169.046875,
            37163.329833984375,
            36969.89660644531,
            37196.90417480469,
            37556.31359863281,
            37140.46130371094,
            37145.29846191406,
            37264.947509765625,
            37363.67590332031,
            37227.891845703125,
            37168.30041503906,
            37234.479248046875,
            36899.999755859375,
            37476.979736328125
        ],
        "list_token_time": [
            0.11519916553095162,
            0.10974495884883835,
            0.10882292813565357,
            0.10792563442724297,
            0.10973031980445586,
            0.1100632271852838,
            0.10933101608092527,
            0.10931419967168785,
            0.10874522486364985,
            0.10941295702773404,
            0.11047014306826763,
            0.10924693295754583,
            0.10926116123256913,
            0.10961310332079968,
            0.10990350828113327,
            0.10950410581496825,
            0.10932882040379996,
            0.109523482351418,
            0.10853962654090789,
            0.11023678621613836
        ],
        "avg_total_time": 37293.08386230469,
        "var_total_time": 222221.1986110732,
        "avg_token_time": 0.10969586508819855,
        "var_token_time": 1.9226906089090633e-06
    },
    "cpu_timing_ms": {
        "avg_total_time": 37293.75581771019,
        "var_total_time": 222222.29576977127,
        "avg_token_time": 0.10969784161365244,
        "var_token_time": 1.9227001016880576e-06
    }
}