{
    "nb_runs": 20,
    "list_ppl": [
        6.776833534240723,
        6.776833534240723,
        6.776833534240723,
        6.776833534240723,
        6.776833534240723,
        6.776833534240723,
        6.776833534240723,
        6.776833534240723,
        6.776833534240723,
        6.776833534240723,
        6.776833534240723,
        6.776833534240723,
        6.776833534240723,
        6.776833534240723,
        6.776833534240723,
        6.776833534240723,
        6.776833534240723,
        6.776833534240723,
        6.776833534240723,
        6.776833534240723
    ],
    "avg_ppl": 6.776833534240723,
    "cuda_timing_ms": {
        "list_total_time": [
            43407.08044433594,
            43433.60888671875,
            41755.5537109375,
            41354.49108886719,
            41601.5224609375,
            41524.54284667969,
            42012.50146484375,
            41408.6015625,
            41296.36486816406,
            41473.30505371094,
            41692.351806640625,
            41643.25646972656,
            41453.30041503906,
            42169.046142578125,
            41540.236328125,
            41333.775390625,
            41698.21643066406,
            41708.997314453125,
            41629.80065917969,
            41674.88330078125
        ],
        "list_token_time": [
            0.12767990059163198,
            0.12775793276637434,
            0.1228220118097512,
            0.12164230483124056,
            0.12236893607909421,
            0.12214250413768263,
            0.12357781163181167,
            0.12180146826318948,
            0.12147132926676647,
            0.12199179056179092,
            0.12263610635895326,
            0.12249169471752212,
            0.12193294785108912,
            0.12403828049280557,
            0.12218866578067641,
            0.12158137057200973,
            0.122653356876718,
            0.12268506834305913,
            0.12245211507900651,
            0.12258472356451564
        ],
        "avg_total_time": 41790.57183227539,
        "var_total_time": 338235.8594961114,
        "avg_token_time": 0.1229250159787844,
        "var_token_time": 2.926466577959746e-06
    },
    "cpu_timing_ms": {
        "avg_total_time": 41791.32572390372,
        "var_total_time": 338252.0738039903,
        "avg_token_time": 0.12292723351581243,
        "var_token_time": 2.92660686654465e-06
    }
}